-- 插入示例图书数据
INSERT INTO books (
    title, author, isbn, publisher, publish_date, description, cover_image, reading_status, purchase_price,
    category, purchase_date, purchaser
) VALUES 
    ('三体', '刘慈欣', '9787536692930', '重庆出版社', '2008-01-01', '科幻小说，描述人类文明与三体文明的第一次接触', NULL, '已读', 45.00,
    '科幻', '2024-01-15', 'admin'),
    ('活着', '余华', '9787506365437', '作家出版社', '2012-08-01', '讲述一个人一生的故事', NULL, '正在读', 39.80,
    '文学', '2024-02-01', 'user1'),
    ('百年孤独', '加西亚·马尔克斯', '9787544253994', '南海出版公司', '2011-06-01', '魔幻现实主义文学代表作', NULL, '待读', 55.00,
    '文学', '2024-02-15', 'user2'),
    ('围城', '钱钟书', '9787020090006', '人民文学出版社', '1991-02-01', '描写知识分子生活的讽刺小说', NULL, '待读', 32.00,
    '文学', '2024-03-01', 'admin'),
    ('平凡的世界', '路遥', '9787530216781', '北京十月文艺出版社', '2017-06-01', '描写中国农村生活的长篇小说', NULL, '待读', 128.00,
    '文学', '2024-03-15', 'user1');

-- 插入示例用户数据
INSERT INTO users (username, password, email) VALUES
    ('admin', 'admin123', 'admin@example.com'),
    ('user1', 'user123', 'user1@example.com'),
    ('user2', 'user123', 'user2@example.com');

-- 插入示例阅读计划数据
INSERT INTO reading_plans (
    book_id, plan_name, description, start_date, end_date, status, priority, progress, planner
) VALUES
    (1, '三体阅读计划', '完成三体三部曲的阅读', '2024-03-01', '2024-03-31', '进行中', '高', 30, 'admin'),
    (2, '活着阅读计划', '在一个月内读完活着', '2024-03-15', '2024-03-28', '进行中', '中', 0, 'user1'),
    (3, '百年孤独阅读计划', '花一个月时间阅读百年孤独', '2024-04-01', '2024-04-30', '未开始', '低', 0, 'user2'),
    (4, '围城阅读计划', '两周内读完围城', '2024-05-01', '2024-05-15', '未开始', '中', 0, 'admin'),
    (5, '平凡的世界阅读计划', '一个月内读完平凡的世界', '2024-05-16', '2024-05-31', '未开始', '高', 0, 'user1');

-- 插入示例图书标签
INSERT INTO book_tags (book_id, tag_name) VALUES
    (1, '科幻'),
    (1, '小说'),
    (2, '文学'),
    (2, '小说'),
    (3, '文学'),
    (3, '魔幻现实主义'),
    (4, '文学'),
    (4, '小说'),
    (5, '文学'),
    (5, '小说');

-- 创建示例任务
INSERT INTO tasks (
    plan_id, title, description, due_date,
    status, priority
) VALUES 
    (1, '阅读三体第一章到第三章', '完成三体第一部分的阅读', '2024-03-07', '已完成', '高'),
    (1, '阅读三体第四章到第六章', '完成三体第二部分的阅读', '2024-03-14', '进行中', '高'),
    (1, '阅读三体第七章到第九章', '完成三体第三部分的阅读', '2024-03-21', '待办', '高'),
    (2, '阅读活着第一章到第五章', '开始阅读活着', '2024-03-21', '待办', '中'),
    (2, '阅读活着第六章到第十章', '继续阅读活着', '2024-03-28', '待办', '中'),
    (3, '阅读百年孤独第一部分', '开始阅读百年孤独', '2024-04-15', '待办', '低'),
    (3, '阅读百年孤独第二部分', '继续阅读百年孤独', '2024-04-30', '待办', '低'); 